,y_pred,y
0,0,0
1,0,0
2,0,0
3,0,0
4,0,0
5,0,0
6,0,0
7,0,0
8,0,0
9,0,0
10,0,0
11,0,0
12,0,0
13,0,0
14,0,0
15,0,0
16,0,0
17,0,0
18,0,0
19,0,0
20,0,0
21,0,0
22,0,0
23,0,0
24,0,0
25,0,0
26,0,0
27,0,0
28,0,0
29,0,0
30,0,0
31,0,0
32,0,0
33,0,0
34,0,0
35,0,0
36,0,0
37,0,0
38,0,0
39,0,0
40,0,0
41,0,0
42,0,0
43,0,0
44,0,0
45,0,0
46,0,0
47,0,0
48,0,0
49,0,0
50,0,0
51,0,0
52,0,0
53,0,0
54,0,0
55,0,0
56,0,0
57,0,0
58,0,0
59,0,0
60,0,0
61,0,0
62,0,0
63,0,0
64,0,0
65,0,0
66,0,0
67,0,0
68,0,0
69,0,0
70,0,0
71,0,0
72,0,0
73,0,0
74,0,0
75,0,0
76,0,0
77,0,0
78,0,0
79,0,0
80,0,0
81,0,0
82,0,0
83,0,0
84,0,0
85,0,0
86,0,0
87,0,0
88,0,0
89,0,0
90,0,0
91,0,0
92,0,0
93,1,0
94,4,1
95,1,1
96,1,1
97,1,1
98,1,1
99,1,1
100,1,1
101,1,1
102,1,1
103,1,1
104,1,1
105,3,1
106,0,1
107,4,0
108,4,0
109,0,0
110,4,2
111,2,2
112,2,2
113,2,2
114,2,2
115,2,2
116,2,2
117,2,2
118,2,2
119,2,2
120,2,2
121,2,2
122,2,2
123,2,2
124,2,2
125,2,2
126,2,2
127,0,2
128,2,2
129,0,2
130,3,2
131,2,2
132,2,2
133,2,2
134,4,2
135,0,0
136,0,0
137,0,0
138,0,0
139,0,0
140,0,0
141,0,0
142,0,0
143,0,0
144,0,3
145,0,3
146,3,3
147,3,3
148,3,3
149,3,3
150,3,3
151,3,3
152,3,3
153,3,3
154,3,3
155,2,3
156,3,3
157,3,3
158,2,3
159,2,3
160,2,3
161,2,3
162,3,3
163,3,3
164,3,3
165,3,3
166,3,3
167,3,3
168,3,3
169,3,3
170,3,3
171,0,0
172,0,0
173,0,0
174,0,4
175,0,4
176,3,4
177,2,4
178,3,4
179,2,4
180,2,4
181,3,4
182,3,4
183,3,4
184,3,4
185,3,4
186,3,4
187,2,4
188,2,4
189,3,4
190,0,4
191,0,0
192,0,0
193,0,0
194,0,0
195,0,0
196,0,0
197,0,0
198,0,0
199,0,0
200,0,0
201,0,0
202,0,0
203,0,0
204,0,0
205,0,0
206,0,0
207,0,0
208,0,0
209,0,0
210,0,0
211,0,0
212,0,0
213,0,0
214,0,0
215,0,0
216,0,0
217,0,0
218,0,0
219,0,0
220,0,0
221,0,0
222,0,0
223,0,0
224,0,0
225,0,0
226,0,0
227,0,0
228,0,0
229,0,0
230,0,0
231,0,0
232,0,0
233,0,0
234,0,0
235,0,0
236,0,0
237,0,0
238,0,0
239,0,0
240,0,0
241,0,0
242,0,0
243,0,0
244,3,0
245,3,0
246,3,0
247,4,0
248,4,0
249,3,0
250,3,0
251,3,0
252,3,0
253,3,0
254,4,0
255,3,0
256,0,0
257,3,0
258,3,0
259,3,0
260,3,0
261,2,0
262,2,0
263,2,0
264,2,0
265,2,0
266,3,0
267,3,0
268,4,0
269,0,0
270,0,0
271,0,0
272,0,0
273,0,0
274,3,0
275,3,0
276,3,0
277,2,0
278,2,0
279,2,0
280,2,0
281,2,0
282,0,0
283,1,0
284,1,1
285,3,1
286,3,1
287,3,1
288,0,1
289,0,1
290,1,1
291,0,1
292,0,1
293,0,1
294,0,1
295,1,0
296,3,0
297,2,0
298,2,0
299,4,0
300,4,0
301,0,0
302,0,0
303,0,2
304,0,2
305,0,2
306,0,2
307,0,2
308,0,2
309,0,2
310,0,2
311,0,2
312,0,2
313,0,2
314,0,2
315,2,2
316,0,2
317,0,2
318,0,2
319,0,2
320,0,2
321,0,2
322,0,2
323,2,0
324,2,0
325,2,0
326,3,0
327,2,0
328,3,0
329,0,3
330,0,3
331,0,3
332,0,3
333,0,3
334,0,3
335,0,3
336,2,3
337,0,3
338,3,3
339,3,3
340,0,3
341,3,3
342,3,3
343,3,3
344,3,3
345,3,3
346,3,3
347,3,0
348,3,0
349,0,0
350,2,0
351,2,4
352,2,4
353,3,4
354,0,4
355,0,4
356,0,4
357,0,4
358,0,4
359,0,4
360,0,4
361,0,4
362,0,4
363,0,4
364,4,0
365,0,0
366,0,0
367,0,0
368,2,0
369,2,0
370,0,0
371,4,0
372,4,0
373,0,0
374,0,0
375,0,0
376,0,0
377,0,0
378,0,0
379,0,0
380,0,0
381,0,0
382,0,0
383,0,0
384,0,0
385,0,0
386,0,0
387,0,0
388,0,0
389,0,0
390,0,0
391,0,0
392,0,0
393,0,0
394,0,0
395,0,0
396,3,0
397,3,0
398,3,0
399,3,0
400,0,0
401,0,0
402,0,0
403,3,0
404,3,0
405,3,0
406,3,0
407,3,0
408,3,0
409,3,0
410,3,0
411,3,0
412,4,0
413,0,0
414,0,0
415,0,0
416,4,0
417,0,0
418,0,0
419,0,0
420,0,0
421,0,0
422,0,0
423,0,0
424,0,0
425,0,0
426,0,0
427,0,0
428,0,0
429,0,0
430,0,0
431,0,0
432,0,0
433,0,0
434,0,0
435,0,0
436,0,0
437,0,0
438,0,0
439,0,0
440,0,0
441,0,0
442,0,0
443,0,0
444,0,0
445,0,0
446,0,0
447,0,0
448,0,0
449,0,0
450,0,0
451,0,0
452,0,0
453,0,0
454,0,0
455,0,0
456,0,0
457,0,0
458,0,0
459,0,0
460,0,0
461,0,0
462,0,0
463,0,0
464,0,0
465,0,0
466,0,0
467,0,0
468,0,0
469,0,0
470,0,0
471,0,0
472,0,0
473,0,0
474,0,0
475,0,0
476,0,0
477,0,0
478,0,0
479,0,0
480,0,0
481,0,0
482,0,0
483,0,0
484,0,0
485,0,0
486,0,0
487,0,0
488,0,0
489,0,0
490,0,0
491,0,0
492,0,0
493,0,0
494,0,0
495,0,0
496,0,0
497,0,0
498,0,0
499,0,0
500,4,0
501,3,0
502,3,0
503,3,0
504,3,0
505,3,0
506,3,0
507,0,0
508,4,0
509,4,0
510,0,0
511,0,0
512,0,0
513,0,0
514,0,0
515,0,0
516,0,0
517,1,0
518,0,0
519,1,0
520,1,0
521,1,0
522,2,0
523,3,0
524,1,0
525,1,1
526,1,1
527,1,1
528,1,1
529,1,1
530,1,1
531,1,1
532,1,1
533,1,1
534,1,1
535,1,1
536,0,1
537,0,1
538,1,1
539,0,1
540,0,1
541,0,0
542,0,0
543,0,0
544,0,0
545,0,0
546,3,0
547,3,0
548,3,0
549,3,2
550,3,2
551,2,2
552,2,2
553,2,2
554,2,2
555,2,2
556,2,2
557,2,2
558,2,2
559,2,2
560,2,2
561,2,2
562,2,2
563,3,0
564,4,0
565,4,0
566,0,0
567,0,0
568,1,0
569,3,0
570,3,0
571,3,0
572,3,0
573,3,0
574,3,0
575,3,0
576,3,0
577,3,0
578,3,0
579,3,0
580,3,0
581,3,0
582,3,0
583,0,0
584,0,0
585,3,0
586,3,0
587,0,0
588,0,0
589,0,0
590,0,0
591,3,0
592,3,0
593,0,0
594,3,0
595,0,0
596,0,0
597,0,0
598,0,0
599,0,0
600,4,0
601,4,3
602,0,3
603,0,3
604,0,3
605,3,3
606,0,3
607,3,3
608,3,3
609,3,3
610,3,3
611,3,3
612,0,3
613,0,3
614,0,3
615,0,3
616,0,3
617,0,3
618,0,3
619,0,3
620,0,3
621,3,0
622,3,0
623,3,0
624,3,0
625,3,0
626,3,4
627,4,4
628,3,4
629,4,4
630,4,4
631,4,4
632,4,4
633,4,4
634,4,4
635,4,4
636,4,4
637,4,4
638,0,4
639,0,4
640,0,4
641,0,4
642,0,4
643,4,0
644,0,0
645,0,0
646,0,0
647,0,0
648,0,0
649,0,0
650,0,0
651,0,0
652,0,0
653,0,0
654,0,0
655,0,0
656,0,0
657,0,0
658,0,0
659,0,0
660,0,0
661,0,0
662,0,0
663,0,0
664,0,0
665,0,0
666,0,0
667,0,0
668,0,0
669,0,0
670,0,0
671,0,0
672,0,0
673,0,0
674,0,0
675,0,0
676,0,0
677,0,0
678,0,0
679,0,0
680,0,0
681,0,0
682,0,0
683,0,0
684,0,0
685,0,0
686,0,0
687,3,1
688,3,1
689,0,1
690,0,1
691,4,1
692,1,1
693,1,1
694,1,1
695,1,1
696,1,1
697,3,1
698,3,0
699,3,0
700,0,0
701,0,0
702,3,0
703,3,0
704,0,2
705,3,2
706,2,2
707,2,2
708,2,2
709,2,2
710,2,2
711,3,2
712,2,2
713,2,2
714,3,2
715,3,2
716,2,2
717,2,2
718,3,2
719,2,2
720,2,2
721,2,0
722,2,0
723,3,0
724,3,3
725,3,3
726,2,3
727,2,3
728,3,3
729,3,3
730,3,3
731,3,3
732,3,3
733,3,3
734,3,3
735,3,3
736,3,3
737,3,3
738,3,3
739,3,3
740,0,3
741,0,3
742,0,3
743,0,3
744,0,3
745,0,0
746,0,4
747,0,4
748,3,4
749,4,4
750,4,4
751,4,4
752,4,4
753,4,4
754,4,4
755,4,4
756,4,4
757,4,4
758,4,4
759,4,4
760,0,4
761,0,4
762,0,4
763,0,4
764,4,0
765,4,0
766,4,0
767,4,0
768,4,0
769,0,0
770,0,0
771,0,0
772,0,0
773,0,0
774,0,0
775,0,0
776,0,0
777,0,0
778,0,0
779,0,0
780,0,0
781,0,0
782,2,0
783,2,0
784,0,1
785,0,1
786,0,1
787,0,1
788,0,1
789,0,1
790,0,1
791,0,1
792,0,1
793,0,1
794,0,1
795,0,1
796,0,1
797,0,1
798,1,1
799,1,1
800,1,1
801,1,0
802,1,0
803,1,0
804,1,0
805,1,0
806,2,0
807,2,0
808,1,0
809,0,2
810,0,2
811,0,2
812,0,2
813,2,2
814,2,2
815,2,2
816,2,2
817,2,2
818,2,2
819,2,2
820,0,2
821,2,2
822,0,2
823,0,2
824,0,2
825,0,2
826,0,2
827,0,2
828,2,2
829,2,0
830,1,0
831,1,0
832,1,0
833,1,0
834,0,3
835,0,3
836,0,3
837,3,3
838,3,3
839,3,3
840,3,3
841,3,3
842,3,3
843,3,3
844,2,3
845,3,3
846,2,3
847,3,3
848,3,3
849,3,3
850,3,3
851,3,3
852,3,3
853,3,3
854,3,3
855,3,3
856,3,3
857,2,3
858,3,0
859,2,0
860,4,0
861,4,0
862,4,0
863,4,0
864,4,0
865,0,0
866,0,4
867,0,4
868,0,4
869,0,4
870,0,4
871,0,4
872,0,4
873,0,4
874,0,4
875,0,4
876,0,4
877,0,4
878,0,4
879,0,4
880,0,4
881,4,4
882,0,4
883,4,4
884,4,0
885,4,0
886,4,0
887,4,0
888,4,0
889,0,0
890,0,0
891,0,0
892,0,0
893,0,0
894,0,0
895,0,0
896,0,0
897,0,0
898,0,0
899,0,0
900,0,0
901,0,0
902,0,0
903,0,0
904,0,0
905,0,0
906,0,0
907,0,0
908,0,0
909,0,0
910,0,0
911,0,0
912,0,0
913,0,0
914,0,0
915,0,0
916,0,0
917,0,0
918,0,0
919,0,0
920,0,0
921,0,0
922,0,0
923,0,0
924,0,0
925,0,0
926,0,0
927,0,0
928,0,0
929,0,0
930,0,0
931,0,0
932,1,0
933,1,0
934,1,0
935,1,0
936,1,0
937,1,0
938,1,0
939,4,0
940,4,0
941,1,0
942,2,0
943,2,0
944,3,0
945,3,0
946,2,0
947,2,0
948,2,0
949,1,0
950,0,1
951,0,1
952,0,1
953,0,1
954,0,1
955,3,1
956,0,1
957,0,1
958,0,1
959,0,1
960,0,1
961,0,1
962,0,1
963,1,0
964,1,0
965,1,0
966,1,0
967,1,0
968,1,0
969,0,2
970,0,2
971,0,2
972,0,2
973,0,2
974,2,2
975,0,2
976,2,2
977,2,2
978,2,2
979,2,2
980,0,2
981,0,2
982,2,2
983,2,2
984,2,2
985,2,2
986,2,2
987,0,2
988,2,0
989,2,0
990,2,0
991,3,0
992,3,0
993,3,0
994,0,3
995,0,3
996,0,3
997,0,3
998,0,3
999,0,3
1000,0,3
1001,0,3
1002,0,3
1003,0,3
1004,0,3
1005,0,3
1006,0,3
1007,0,3
1008,0,3
1009,3,3
1010,0,3
1011,0,3
1012,3,3
1013,0,3
1014,0,3
1015,3,3
1016,3,3
1017,3,3
1018,3,0
1019,3,0
1020,3,0
1021,3,0
1022,3,0
1023,0,0
1024,0,0
1025,0,4
1026,0,4
1027,0,4
1028,0,4
1029,0,4
1030,0,4
1031,0,4
1032,0,4
1033,0,4
1034,0,4
1035,0,4
1036,0,4
1037,0,4
1038,0,4
1039,0,4
1040,0,4
1041,0,4
1042,0,4
1043,0,4
1044,4,4
1045,0,4
1046,4,0
1047,4,0
1048,4,0
1049,4,0
1050,4,0
1051,4,0
1052,4,0
1053,0,0
1054,0,0
1055,0,0
1056,0,0
1057,0,0
1058,0,0
1059,0,0
1060,0,0
1061,0,0
1062,0,0
1063,0,0
1064,0,0
1065,0,0
1066,0,0
1067,0,0
1068,0,0
1069,0,0
1070,0,0
1071,0,0
1072,0,0
1073,0,0
1074,0,0
1075,0,0
1076,0,0
1077,0,0
1078,0,0
1079,0,0
1080,0,0
1081,0,0
1082,0,0
1083,0,0
1084,0,0
1085,0,0
1086,0,0
1087,0,0
1088,0,0
1089,0,0
1090,0,0
1091,0,0
1092,0,0
1093,0,0
1094,0,0
1095,1,0
1096,4,0
1097,1,0
1098,0,1
1099,1,1
1100,1,1
1101,0,1
1102,1,1
1103,0,1
1104,0,1
1105,0,1
1106,0,1
1107,0,1
1108,0,1
1109,0,1
1110,0,1
1111,0,1
1112,0,1
1113,4,0
1114,1,0
1115,1,0
1116,4,0
1117,4,0
1118,0,2
1119,0,2
1120,0,2
1121,0,2
1122,0,2
1123,2,2
1124,2,2
1125,2,2
1126,2,2
1127,2,2
1128,2,2
1129,3,2
1130,2,2
1131,2,2
1132,2,2
1133,3,2
1134,0,2
1135,3,0
1136,3,0
1137,3,0
1138,0,0
1139,4,0
1140,4,0
1141,0,3
1142,3,3
1143,0,3
1144,0,3
1145,0,3
1146,0,3
1147,3,3
1148,3,3
1149,3,3
1150,0,3
1151,3,3
1152,0,3
1153,0,3
1154,0,3
1155,0,3
1156,0,3
1157,0,3
1158,0,3
1159,0,3
1160,0,3
1161,0,3
1162,0,0
1163,0,0
1164,0,0
1165,4,0
1166,4,0
1167,0,4
1168,0,4
1169,0,4
1170,0,4
1171,0,4
1172,0,4
1173,0,4
1174,0,4
1175,0,4
1176,0,4
1177,0,4
1178,0,4
1179,4,4
1180,0,4
1181,0,4
1182,0,4
1183,0,4
1184,0,4
1185,4,0
1186,4,0
1187,4,0
1188,0,0
1189,0,0
1190,0,0
1191,0,0
1192,0,0
1193,0,0
1194,0,0
1195,0,0
1196,0,0
1197,0,0
1198,0,0
1199,0,0
1200,0,0
1201,0,0
1202,0,0
1203,2,0
1204,3,0
1205,3,0
1206,3,0
1207,0,0
1208,3,0
1209,3,0
1210,2,0
1211,2,0
1212,0,0
1213,0,0
1214,0,0
1215,0,0
1216,0,0
1217,0,0
1218,0,0
1219,0,0
1220,0,0
1221,0,0
1222,0,0
1223,0,0
1224,0,0
1225,0,0
1226,0,0
1227,0,0
1228,0,0
1229,0,0
1230,0,0
1231,0,0
1232,0,0
1233,0,0
1234,0,0
1235,0,0
1236,0,0
1237,4,0
1238,3,0
1239,0,0
1240,0,0
1241,0,0
1242,0,0
1243,4,0
1244,3,0
1245,4,0
1246,4,0
1247,4,0
1248,3,0
1249,3,0
1250,1,0
1251,1,0
1252,1,0
1253,1,0
1254,0,0
1255,0,0
1256,0,0
1257,0,0
1258,0,0
1259,0,0
1260,0,0
1261,0,0
1262,0,0
1263,0,0
1264,0,0
1265,0,0
1266,0,0
1267,0,0
1268,0,0
1269,0,0
1270,0,0
1271,0,0
1272,0,0
1273,0,0
1274,0,0
1275,0,0
1276,1,0
1277,1,0
1278,0,0
1279,0,1
1280,0,1
1281,0,1
1282,1,1
1283,0,1
1284,2,1
1285,0,1
1286,0,1
1287,0,1
1288,0,1
1289,1,0
1290,1,0
1291,1,0
1292,0,2
1293,0,2
1294,1,2
1295,0,2
1296,0,2
1297,0,2
1298,2,2
1299,2,2
1300,2,2
1301,0,2
1302,0,2
1303,0,2
1304,0,2
1305,2,2
1306,2,2
1307,2,2
1308,2,2
1309,2,2
1310,2,2
1311,2,2
1312,2,2
1313,2,2
1314,2,0
1315,2,0
1316,1,0
1317,0,3
1318,0,3
1319,0,3
1320,1,3
1321,0,3
1322,0,3
1323,0,3
1324,0,3
1325,0,3
1326,0,3
1327,0,3
1328,0,3
1329,0,3
1330,0,3
1331,0,3
1332,0,3
1333,3,3
1334,0,3
1335,0,3
1336,0,3
1337,3,0
1338,3,0
1339,3,4
1340,4,4
1341,0,4
1342,0,4
1343,0,4
1344,0,4
1345,0,4
1346,0,4
1347,0,4
1348,0,4
1349,0,4
1350,0,4
1351,0,4
1352,4,0
1353,4,0
1354,4,0
1355,4,0
1356,0,0
1357,0,0
1358,0,0
1359,0,0
1360,0,0
1361,0,0
1362,0,0
1363,0,0
1364,0,0
1365,0,0
1366,0,0
1367,0,0
1368,0,0
1369,0,0
1370,0,0
1371,0,0
1372,0,0
1373,0,0
1374,0,0
1375,0,0
1376,0,0
1377,0,0
1378,0,0
1379,0,0
1380,0,0
1381,0,0
1382,0,0
1383,0,0
1384,0,0
1385,0,0
1386,0,0
1387,0,0
1388,0,0
1389,0,0
1390,0,0
1391,0,0
1392,0,0
1393,0,0
1394,0,0
1395,0,0
1396,1,0
1397,1,0
1398,3,0
1399,2,1
1400,0,1
1401,3,1
1402,1,1
1403,1,1
1404,0,1
1405,0,1
1406,0,1
1407,0,1
1408,3,0
1409,3,0
1410,4,0
1411,4,0
1412,4,0
1413,3,0
1414,2,2
1415,2,2
1416,2,2
1417,2,2
1418,2,2
1419,2,2
1420,2,2
1421,2,2
1422,2,2
1423,2,2
1424,2,2
1425,2,2
1426,2,2
1427,2,2
1428,2,2
1429,2,2
1430,2,2
1431,2,2
1432,3,2
1433,3,0
1434,3,0
1435,3,0
1436,0,3
1437,0,3
1438,0,3
1439,0,3
1440,3,3
1441,0,3
1442,0,3
1443,0,3
1444,3,3
1445,3,3
1446,3,3
1447,3,3
1448,0,3
1449,0,3
1450,3,3
1451,0,3
1452,3,3
1453,3,0
1454,2,0
1455,4,0
1456,4,0
1457,4,0
1458,0,4
1459,0,4
1460,0,4
1461,0,4
1462,0,4
1463,0,4
1464,0,4
1465,0,4
1466,4,4
1467,4,4
1468,4,4
1469,0,4
1470,0,4
1471,4,0
1472,4,0
1473,4,0
1474,0,0
1475,0,0
1476,0,0
1477,0,0
1478,0,0
1479,0,0
1480,0,0
1481,0,0
1482,0,0
1483,0,0
1484,0,0
1485,0,0
1486,0,0
1487,0,0
1488,0,0
1489,0,0
1490,0,0
1491,0,0
1492,0,0
1493,0,0
1494,0,0
1495,0,0
1496,0,0
1497,0,0
1498,0,0
1499,0,0
1500,0,0
1501,0,0
1502,0,0
1503,0,0
1504,0,0
1505,0,0
1506,0,0
1507,0,1
1508,2,1
1509,2,1
1510,2,1
1511,0,1
1512,1,1
1513,1,1
1514,1,1
1515,1,1
1516,1,1
1517,1,1
1518,0,1
1519,3,0
1520,3,0
1521,3,0
1522,2,2
1523,2,2
1524,2,2
1525,2,2
1526,2,2
1527,2,2
1528,2,2
1529,2,2
1530,2,2
1531,2,2
1532,2,2
1533,2,2
1534,2,2
1535,2,2
1536,2,2
1537,2,2
1538,2,2
1539,0,2
1540,2,0
1541,0,3
1542,4,3
1543,2,3
1544,2,3
1545,2,3
1546,3,3
1547,0,3
1548,3,3
1549,3,3
1550,0,3
1551,0,3
1552,0,3
1553,0,3
1554,3,3
1555,0,3
1556,0,3
1557,0,3
1558,0,3
1559,0,0
1560,0,4
1561,0,4
1562,0,4
1563,0,4
1564,0,4
1565,4,4
1566,4,4
1567,4,4
1568,4,4
1569,4,4
1570,4,4
1571,4,4
1572,4,4
1573,4,4
1574,4,4
1575,0,4
1576,4,0
1577,0,0
1578,0,0
1579,0,0
1580,0,0
1581,0,0
1582,0,0
1583,0,0
1584,0,0
1585,0,0
1586,0,0
1587,0,0
1588,0,0
1589,0,0
1590,0,0
1591,0,0
1592,0,0
1593,0,0
1594,0,0
1595,0,0
1596,0,0
1597,0,0
1598,0,0
1599,0,0
1600,0,0
1601,0,0
1602,0,0
1603,0,0
1604,0,0
1605,0,0
1606,0,0
1607,0,0
1608,0,0
1609,0,0
1610,0,0
1611,0,0
1612,0,0
1613,0,0
1614,0,0
1615,0,0
1616,0,0
1617,0,0
1618,0,0
1619,0,0
1620,1,0
1621,3,1
1622,3,1
1623,1,1
1624,0,1
1625,0,1
1626,0,1
1627,0,1
1628,0,1
1629,0,1
1630,0,1
1631,0,1
1632,0,1
1633,0,1
1634,0,1
1635,1,0
1636,1,0
1637,3,2
1638,3,2
1639,2,2
1640,2,2
1641,2,2
1642,2,2
1643,0,2
1644,2,2
1645,2,2
1646,2,2
1647,2,2
1648,2,2
1649,2,2
1650,2,2
1651,2,2
1652,2,2
1653,2,2
1654,2,2
1655,2,2
1656,2,0
1657,1,0
1658,4,0
1659,0,3
1660,1,3
1661,0,3
1662,0,3
1663,3,3
1664,3,3
1665,1,3
1666,0,3
1667,3,3
1668,1,3
1669,0,3
1670,3,3
1671,3,3
1672,3,3
1673,0,3
1674,0,3
1675,0,3
1676,3,0
1677,4,0
1678,4,0
1679,4,0
1680,0,0
1681,0,4
1682,0,4
1683,0,4
1684,0,4
1685,0,4
1686,0,4
1687,0,4
1688,4,4
1689,4,4
1690,0,4
1691,0,4
1692,0,4
1693,0,4
1694,0,4
1695,0,4
1696,0,4
1697,0,0
1698,0,0
1699,0,0
1700,0,0
1701,0,0
1702,0,0
1703,0,0
1704,0,0
1705,0,0
1706,0,0
1707,0,0
1708,0,0
1709,0,0
1710,0,0
1711,0,0
1712,0,0
1713,0,0
1714,0,0
1715,0,0
1716,0,0
1717,0,0
1718,0,0
1719,0,0
1720,0,0
1721,0,0
1722,0,0
1723,0,0
1724,0,0
1725,0,0
1726,0,0
1727,0,0
1728,0,0
1729,0,0
1730,0,0
1731,0,0
1732,0,0
1733,0,0
1734,0,0
1735,0,0
1736,0,0
1737,0,0
1738,0,0
1739,0,0
1740,0,0
1741,0,0
1742,0,0
1743,0,0
1744,0,0
1745,0,0
1746,0,0
1747,0,0
1748,0,0
1749,0,0
1750,0,0
1751,0,0
1752,0,0
1753,0,0
1754,0,0
1755,0,0
1756,0,0
1757,0,0
1758,0,0
1759,0,0
1760,0,0
1761,0,0
1762,0,0
1763,0,0
1764,0,0
1765,0,0
1766,0,0
1767,0,0
1768,0,0
1769,0,0
1770,0,0
1771,0,0
1772,0,0
1773,0,0
1774,0,0
1775,0,0
1776,0,0
1777,0,0
1778,0,0
1779,0,0
1780,0,0
1781,0,0
1782,0,0
1783,0,0
1784,0,0
1785,0,0
1786,0,0
1787,0,0
1788,0,0
1789,0,0
1790,0,0
1791,0,0
1792,0,0
1793,0,0
1794,0,0
1795,0,0
1796,0,0
1797,0,0
1798,0,0
1799,0,0
1800,0,0
1801,0,0
1802,0,0
1803,0,0
1804,0,0
1805,0,0
1806,0,0
1807,0,0
1808,0,0
1809,0,0
1810,0,0
1811,0,0
1812,0,0
1813,0,0
1814,0,0
1815,0,0
1816,0,0
1817,0,0
1818,0,0
1819,0,0
1820,0,0
1821,0,0
1822,0,0
1823,0,0
1824,0,0
1825,0,0
1826,0,0
1827,0,1
1828,2,1
1829,2,1
1830,2,1
1831,1,1
1832,1,1
1833,1,1
1834,0,1
1835,1,1
1836,1,1
1837,1,1
1838,1,0
1839,2,2
1840,2,2
1841,2,2
1842,2,2
1843,2,2
1844,2,2
1845,2,2
1846,2,2
1847,2,2
1848,2,2
1849,2,2
1850,2,2
1851,2,2
1852,2,2
1853,2,2
1854,3,2
1855,2,2
1856,2,2
1857,2,2
1858,2,2
1859,2,2
1860,2,2
1861,3,0
1862,3,0
1863,4,0
1864,0,3
1865,0,3
1866,0,3
1867,0,3
1868,2,3
1869,0,3
1870,3,3
1871,0,3
1872,3,3
1873,3,3
1874,3,3
1875,3,3
1876,3,3
1877,3,3
1878,3,3
1879,3,3
1880,3,3
1881,3,3
1882,0,3
1883,3,0
1884,2,0
1885,4,0
1886,4,4
1887,0,4
1888,4,4
1889,4,4
1890,4,4
1891,4,4
1892,0,4
1893,4,4
1894,4,4
1895,4,4
1896,4,4
1897,4,4
1898,4,4
1899,0,4
1900,4,4
1901,4,4
1902,4,4
1903,0,4
1904,0,4
1905,4,0
1906,0,0
1907,0,0
1908,0,0
1909,0,0
1910,0,0
1911,0,0
1912,0,0
1913,0,0
1914,0,0
1915,0,0
1916,0,0
1917,0,0
1918,0,0
1919,0,0
1920,0,0
1921,0,0
1922,0,0
1923,0,0
1924,0,0
1925,0,0
1926,0,0
1927,0,0
1928,0,0
1929,0,0
1930,0,0
1931,0,0
1932,0,0
1933,0,0
1934,0,0
1935,0,0
1936,0,0
1937,0,0
1938,0,0
1939,0,0
1940,0,0
1941,0,0
1942,0,0
1943,0,0
1944,0,0
1945,0,0
1946,0,0
1947,0,0
1948,0,0
1949,0,0
1950,0,0
1951,4,0
1952,1,0
1953,4,0
1954,0,1
1955,0,1
1956,4,1
1957,1,1
1958,1,1
1959,0,1
1960,0,1
1961,0,1
1962,0,1
1963,0,1
1964,3,1
1965,3,0
1966,0,0
1967,0,0
1968,3,0
1969,0,2
1970,0,2
1971,2,2
1972,2,2
1973,2,2
1974,2,2
1975,2,2
1976,2,2
1977,2,2
1978,2,2
1979,2,2
1980,2,2
1981,2,2
1982,2,2
1983,2,2
1984,2,2
1985,2,2
1986,2,2
1987,2,2
1988,2,2
1989,3,2
1990,3,0
1991,1,0
1992,0,0
1993,0,0
1994,1,0
1995,4,0
1996,0,3
1997,0,3
1998,3,3
1999,0,3
2000,3,3
2001,3,3
2002,0,3
2003,3,3
2004,3,3
2005,0,3
2006,0,3
2007,0,3
2008,0,3
2009,0,3
2010,0,3
2011,0,3
2012,0,3
2013,0,3
2014,0,3
2015,0,3
2016,0,0
2017,0,0
2018,0,0
2019,0,0
2020,4,0
2021,4,0
2022,4,0
2023,0,4
2024,0,4
2025,0,4
2026,0,4
2027,0,4
2028,0,4
2029,0,4
2030,0,4
2031,0,4
2032,4,0
2033,4,0
2034,4,0
2035,4,0
2036,4,0
2037,4,0
2038,0,0
2039,0,0
2040,0,0
2041,0,0
2042,0,0
2043,0,0
2044,0,0
2045,0,0
2046,0,0
2047,0,0
2048,0,0
2049,0,0
2050,0,0
2051,0,0
2052,0,0
2053,0,0
2054,0,0
2055,0,0
2056,0,0
2057,0,0
2058,0,0
2059,0,0
2060,0,0
2061,0,0
2062,0,0
2063,0,0
2064,0,0
2065,0,0
2066,0,0
2067,0,0
2068,0,0
2069,0,0
2070,0,0
2071,0,0
2072,0,0
2073,0,0
2074,0,0
2075,0,0
2076,0,0
2077,0,0
2078,0,0
2079,0,0
2080,0,0
2081,0,0
2082,0,0
2083,0,0
2084,0,0
2085,0,0
2086,0,0
2087,0,0
2088,0,0
2089,0,0
2090,0,0
2091,0,0
2092,0,0
2093,0,0
2094,0,0
2095,0,0
2096,0,0
2097,0,0
2098,0,0
2099,0,0
2100,0,0
2101,0,0
2102,0,0
2103,0,0
2104,0,0
2105,0,0
2106,0,0
2107,0,0
2108,0,0
2109,0,0
2110,0,0
2111,0,0
2112,0,0
2113,0,0
2114,0,0
2115,0,0
2116,0,0
2117,0,0
2118,0,0
2119,0,0
2120,0,0
2121,0,0
2122,0,0
2123,0,0
2124,0,0
2125,0,0
2126,0,0
2127,0,0
2128,0,0
2129,0,0
2130,0,0
2131,0,0
2132,0,0
2133,0,0
2134,0,0
2135,0,0
2136,0,0
2137,0,0
2138,0,0
2139,0,0
2140,0,0
2141,0,0
2142,0,0
2143,0,0
2144,0,0
2145,0,0
2146,0,0
2147,0,0
2148,0,0
2149,0,0
2150,0,0
2151,0,0
2152,0,0
2153,0,0
2154,0,0
2155,0,0
2156,0,0
2157,0,0
2158,0,0
2159,0,0
2160,0,0
2161,0,0
2162,0,0
2163,0,0
2164,0,0
2165,0,0
2166,0,0
2167,0,0
2168,0,0
2169,0,0
2170,0,0
2171,0,0
2172,0,0
2173,0,0
2174,0,0
2175,0,0
2176,0,0
2177,0,0
2178,0,0
2179,0,0
2180,0,0
2181,0,0
2182,0,0
2183,0,0
2184,0,0
2185,0,0
2186,0,0
2187,0,0
2188,0,0
2189,0,0
2190,0,0
2191,0,0
2192,0,0
2193,0,0
2194,0,0
2195,0,0
2196,0,0
2197,0,0
2198,0,0
2199,0,0
2200,0,0
2201,0,0
2202,0,0
2203,0,0
2204,0,0
2205,0,0
2206,0,0
2207,0,0
2208,0,0
2209,0,0
2210,0,0
2211,0,0
2212,0,0
2213,0,0
2214,0,0
2215,0,0
2216,0,0
2217,0,0
2218,0,0
2219,0,0
2220,0,0
2221,0,0
2222,0,0
2223,0,0
2224,0,0
2225,0,0
2226,0,0
2227,0,0
2228,0,0
2229,0,0
2230,0,0
2231,0,0
2232,0,0
2233,0,0
2234,0,0
2235,0,0
2236,0,0
2237,0,0
2238,0,0
2239,0,0
2240,0,0
2241,0,0
2242,0,0
2243,0,0
2244,0,0
2245,0,0
2246,0,0
2247,0,0
2248,0,0
2249,0,0
2250,0,0
2251,0,0
2252,0,0
2253,0,0
2254,0,0
2255,0,0
2256,0,0
2257,0,0
2258,0,0
2259,0,0
2260,0,0
2261,0,0
2262,0,0
2263,0,0
2264,0,0
2265,0,0
2266,0,0
2267,0,0
2268,0,0
2269,0,0
2270,0,0
2271,0,0
2272,0,0
2273,0,0
2274,0,0
2275,0,0
2276,0,0
2277,0,0
2278,0,0
2279,0,0
2280,0,0
2281,0,0
2282,0,0
2283,0,0
2284,0,0
2285,0,0
2286,0,0
2287,0,0
2288,0,0
2289,0,0
2290,0,0
2291,0,0
2292,0,0
2293,0,0
2294,0,0
2295,0,0
2296,0,0
2297,0,0
2298,0,0
2299,0,0
2300,0,0
2301,0,0
2302,0,0
2303,0,0
2304,0,0
2305,0,0
2306,0,0
2307,0,0
2308,0,0
2309,0,0
2310,0,0
2311,0,0
2312,0,0
2313,0,0
2314,0,0
2315,0,0
2316,0,0
2317,0,0
2318,0,0
2319,0,0
2320,0,0
2321,0,0
2322,0,0
2323,0,0
2324,0,0
2325,0,0
2326,0,0
2327,0,0
2328,0,0
2329,0,0
2330,0,0
2331,0,0
2332,0,0
2333,0,0
2334,0,0
2335,0,0
2336,0,0
2337,0,0
2338,0,0
2339,0,0
2340,0,0
2341,0,0
2342,0,0
2343,0,0
2344,0,0
2345,0,0
2346,0,0
2347,0,0
2348,0,0
2349,0,0
2350,0,0
2351,0,0
2352,0,0
2353,0,0
2354,0,0
2355,0,0
2356,0,0
2357,0,0
2358,0,0
2359,0,0
2360,0,0
2361,0,0
2362,0,0
2363,0,0
2364,0,0
2365,0,0
2366,0,0
2367,0,0
2368,0,0
2369,0,0
2370,0,0
2371,0,0
2372,0,0
2373,0,0
2374,0,0
2375,0,0
2376,0,0
2377,0,0
2378,0,0
2379,0,0
2380,0,0
2381,0,0
2382,0,0
2383,0,0
2384,0,0
2385,0,0
2386,0,0
2387,0,0
2388,0,0
2389,0,0
2390,0,0
2391,0,0
2392,0,0
2393,0,0
2394,0,0
2395,0,0
2396,0,0
2397,0,0
2398,0,0
2399,0,0
2400,0,0
2401,0,0
2402,0,0
2403,0,0
2404,0,0
2405,0,0
2406,0,0
2407,0,0
2408,0,0
2409,0,0
2410,0,0
2411,0,0
2412,0,0
2413,0,0
2414,0,0
2415,0,0
2416,0,0
2417,0,0
2418,0,0
2419,0,0
2420,0,0
2421,0,0
2422,0,0
2423,0,0
2424,0,0
2425,0,0
2426,0,0
2427,0,0
2428,0,0
2429,0,0
2430,0,0
2431,0,0
2432,0,0
2433,0,0
2434,0,0
2435,0,0
2436,0,0
2437,0,0
2438,0,0
2439,0,0
2440,0,0
2441,0,0
2442,0,0
2443,0,0
2444,0,0
2445,0,0
2446,0,0
2447,0,0
2448,0,0
2449,0,0
2450,0,0
2451,0,0
2452,0,0
2453,0,0
2454,0,0
2455,0,0
2456,0,0
2457,0,0
2458,0,0
2459,0,0
2460,0,0
2461,0,0
2462,0,0
2463,0,0
2464,0,0
2465,0,0
2466,0,0
2467,0,0
2468,0,0
2469,0,0
2470,0,0
2471,0,0
2472,0,0
2473,0,0
2474,0,0
2475,0,0
2476,0,0
2477,0,0
2478,0,0
2479,0,0
2480,0,0
2481,0,0
2482,0,0
2483,0,0
2484,0,0
2485,0,0
2486,0,0
2487,0,0
2488,0,0
2489,0,0
2490,0,0
2491,0,0
2492,0,0
2493,0,0
2494,0,0
2495,0,0
2496,0,0
2497,0,0
2498,0,0
2499,0,0
2500,0,0
2501,0,0
2502,0,0
2503,0,0
2504,0,0
2505,0,0
2506,0,0
2507,0,0
2508,0,0
2509,0,0
2510,0,0
2511,0,0
2512,0,0
2513,0,0
2514,0,0
2515,0,0
2516,0,0
2517,0,0
2518,0,0
2519,0,0
2520,0,0
2521,0,0
2522,0,0
2523,0,0
2524,0,0
2525,0,0
2526,0,0
2527,0,0
2528,0,0
2529,0,0
2530,0,0
2531,0,0
2532,0,0
2533,0,0
2534,0,0
2535,0,0
2536,0,0
2537,0,0
2538,0,0
2539,0,0
2540,0,0
2541,0,0
2542,0,0
2543,0,0
2544,0,0
2545,0,0
2546,0,0
2547,0,0
2548,0,0
2549,0,0
2550,0,0
2551,0,0
2552,0,0
2553,0,0
2554,0,0
2555,0,0
2556,0,0
2557,0,0
2558,0,0
2559,0,0
2560,0,0
2561,0,0
2562,0,0
2563,0,0
2564,0,0
2565,0,0
2566,0,0
2567,0,0
2568,0,0
2569,0,0
2570,0,0
2571,0,0
2572,0,0
2573,0,0
2574,0,0
2575,0,0
2576,0,0
2577,0,0
2578,0,0
2579,0,0
2580,0,0
2581,0,0
2582,0,0
2583,0,0
2584,0,0
2585,0,0
2586,0,0
2587,0,0
2588,0,0
2589,0,0
2590,0,0
2591,0,0
2592,0,0
2593,0,0
2594,0,0
2595,0,0
2596,0,0
2597,0,0
2598,0,0
2599,0,0
2600,0,0
2601,0,0
2602,0,0
2603,0,0
2604,0,0
2605,0,0
2606,0,0
2607,0,0
2608,0,0
2609,0,0
2610,0,0
2611,0,0
2612,0,0
2613,0,0
2614,0,0
2615,0,0
2616,0,0
2617,0,0
2618,0,0
2619,0,0
2620,0,0
2621,0,0
2622,0,0
2623,0,0
2624,0,0
2625,0,0
2626,0,0
2627,0,0
2628,0,0
2629,0,0
2630,0,0
2631,0,0
2632,0,0
2633,0,0
2634,0,0
2635,0,0
2636,0,0
2637,0,0
2638,0,0
2639,0,0
2640,0,0
2641,0,0
2642,0,0
2643,0,0
2644,0,0
2645,0,0
2646,0,0
2647,0,0
2648,0,0
2649,0,0
2650,0,0
2651,0,0
2652,0,0
2653,0,0
2654,0,0
2655,0,0
2656,0,0
2657,0,0
2658,0,0
2659,0,0
2660,0,0
2661,0,0
2662,0,0
2663,0,0
2664,0,0
2665,0,0
2666,0,0
2667,0,0
2668,0,0
2669,0,0
2670,0,0
2671,0,0
2672,0,0
2673,0,0
2674,0,0
2675,0,0
2676,0,0
2677,0,0
2678,0,0
2679,0,0
2680,0,0
2681,0,0
2682,0,0
2683,0,0
2684,0,0
2685,0,0
2686,0,0
2687,0,0
2688,0,0
2689,0,0
2690,0,0
2691,0,0
2692,0,0
2693,0,0
2694,0,0
2695,0,0
2696,0,0
2697,0,0
2698,0,0
2699,0,0
2700,0,0
2701,0,0
2702,0,0
2703,0,0
2704,0,0
2705,0,0
2706,0,0
2707,0,0
2708,0,0
2709,0,0
2710,0,0
2711,0,0
2712,0,0
2713,0,0
2714,0,0
2715,0,0
2716,0,0
2717,0,0
2718,0,0
2719,0,0
2720,0,0
2721,0,0
2722,0,0
2723,0,0
2724,0,0
2725,0,0
2726,0,0
2727,0,0
2728,0,0
2729,0,0
2730,0,0
2731,0,0
2732,0,0
2733,0,0
2734,0,0
2735,0,0
2736,0,0
2737,0,0
2738,0,0
2739,0,0
2740,0,0
2741,0,0
2742,0,0
2743,0,0
2744,0,0
2745,0,0
2746,0,0
2747,0,0
2748,0,0
2749,0,0
2750,0,0
2751,0,0
2752,0,0
2753,0,0
2754,0,0
2755,0,0
2756,0,0
2757,0,0
2758,0,0
2759,0,0
2760,0,0
2761,0,0
2762,0,0
2763,0,0
2764,0,0
2765,0,0
2766,0,0
2767,0,0
2768,0,0
2769,0,0
2770,0,0
2771,0,0
2772,0,0
2773,0,0
2774,0,0
2775,0,0
2776,0,0
2777,0,0
2778,0,0
2779,0,0
2780,0,0
2781,0,0
2782,0,0
2783,0,0
2784,0,0
2785,0,0
2786,0,0
2787,0,0
2788,0,0
2789,0,0
2790,0,0
2791,0,0
2792,0,0
2793,0,0
2794,0,0
2795,0,0
2796,0,0
2797,0,0
2798,0,0
2799,0,0
2800,0,0
2801,0,0
2802,0,0
2803,0,0
2804,0,0
2805,0,0
2806,0,0
2807,0,0
2808,0,0
2809,0,0
2810,0,0
2811,0,0
2812,0,0
2813,0,0
2814,0,0
2815,0,0
2816,0,0
2817,0,0
2818,0,0
2819,0,0
2820,0,0
2821,0,0
2822,0,0
2823,0,0
2824,0,0
2825,0,0
2826,0,0
2827,0,0
2828,0,0
2829,0,0
2830,0,0
2831,0,0
2832,0,0
2833,0,0
2834,0,0
2835,0,0
2836,0,0
2837,0,0
2838,0,0
2839,0,0
2840,0,0
2841,0,0
2842,0,0
2843,0,0
2844,0,0
2845,0,0
2846,0,0
2847,0,0
2848,0,0
2849,0,0
2850,0,0
2851,0,0
2852,0,0
2853,0,0
2854,0,0
2855,0,0
2856,0,0
2857,0,0
2858,0,0
2859,0,0
2860,0,0
2861,0,0
2862,0,0
2863,0,0
2864,0,0
2865,0,0
2866,0,0
2867,0,0
2868,0,0
2869,0,0
2870,0,0
2871,0,0
2872,0,0
2873,0,0
2874,0,0
2875,0,0
2876,0,0
2877,0,0
2878,0,0
2879,0,0
2880,0,0
2881,0,0
2882,0,0
2883,0,0
2884,0,0
2885,0,0
2886,0,0
2887,0,0
2888,0,0
2889,0,0
2890,0,0
2891,0,0
2892,0,0
2893,0,0
2894,0,0
2895,0,0
2896,0,0
2897,0,0
2898,0,0
2899,0,0
2900,0,0
2901,0,0
2902,0,0
2903,0,0
2904,0,0
2905,0,0
2906,0,0
2907,0,0
2908,0,0
2909,0,0
2910,0,0
2911,0,0
2912,0,0
2913,0,0
2914,0,0
2915,0,0
2916,0,0
2917,0,0
2918,0,0
2919,0,0
2920,0,0
2921,0,0
2922,0,0
2923,0,0
2924,0,0
2925,0,0
2926,0,0
2927,0,0
2928,0,0
2929,0,0
2930,0,0
2931,0,0
2932,0,0
2933,0,0
2934,0,0
2935,0,0
2936,0,0
2937,0,0
2938,0,0
2939,0,0
2940,0,0
2941,0,0
2942,0,0
2943,0,0
2944,0,0
2945,0,0
2946,0,0
2947,0,0
2948,0,0
2949,0,0
2950,0,0
2951,0,0
2952,0,0
2953,0,0
2954,0,0
2955,0,0
2956,0,0
2957,0,0
2958,0,0
2959,0,0
2960,0,0
2961,0,0
2962,0,0
2963,0,0
2964,0,0
2965,0,0
2966,0,0
2967,0,0
2968,0,0
2969,0,0
2970,0,0
2971,0,0
2972,0,0
2973,0,0
2974,0,0
2975,0,0
2976,0,0
2977,0,0
2978,0,0
2979,0,0
2980,0,0
2981,0,0
2982,0,0
2983,0,0
2984,0,0
2985,0,0
2986,0,0
2987,0,0
2988,0,0
2989,0,0
2990,0,0
2991,0,0
2992,0,0
2993,0,0
2994,0,0
2995,0,0
2996,0,0
2997,0,0
2998,0,0
2999,0,0
3000,0,0
3001,0,0
3002,0,0
3003,0,0
3004,0,0
3005,0,0
3006,0,0
3007,0,0
3008,0,0
3009,0,0
3010,0,0
3011,0,0
3012,0,0
3013,0,0
3014,0,0
3015,0,0
3016,0,0
3017,0,0
3018,0,0
3019,0,0
3020,0,0
3021,0,0
3022,0,0
3023,0,0
3024,0,0
3025,0,0
3026,0,0
3027,0,0
3028,0,0
3029,0,0
3030,0,0
3031,0,0
3032,0,0
3033,0,0
3034,0,0
3035,0,0
3036,0,0
3037,0,0
3038,0,0
3039,0,0
3040,0,0
3041,0,0
3042,0,0
3043,0,0
3044,0,0
3045,0,0
3046,0,0
3047,0,0
3048,0,0
3049,0,0
3050,0,0
3051,0,0
3052,0,0
3053,0,0
3054,0,0
3055,0,0
3056,0,0
3057,0,0
3058,0,0
3059,0,0
3060,0,0
3061,0,0
3062,0,0
3063,0,0
3064,0,0
3065,0,0
3066,0,0
3067,0,0
3068,0,0
3069,0,0
3070,0,0
3071,0,0
3072,0,0
3073,0,0
3074,0,0
3075,0,0
3076,0,0
3077,0,0
3078,0,0
3079,0,0
3080,0,0
3081,0,0
3082,0,0
3083,0,0
3084,0,0
3085,0,0
3086,0,0
3087,0,0
3088,0,0
3089,0,0
3090,0,0
3091,0,0
3092,0,0
3093,0,0
3094,0,0
3095,0,0
3096,0,0
3097,0,0
3098,0,0
3099,0,0
3100,0,0
3101,0,0
3102,0,0
3103,0,0
3104,0,0
3105,0,0
3106,0,0
3107,0,0
3108,0,0
3109,0,0
3110,0,0
3111,0,0
3112,0,0
3113,0,0
3114,0,0
3115,0,0
3116,0,0
3117,0,0
3118,0,0
3119,0,0
3120,0,0
3121,0,0
3122,0,0
3123,0,0
3124,0,0
3125,0,0
3126,0,0
3127,0,0
3128,0,0
3129,0,0
3130,0,0
3131,0,0
3132,0,0
3133,0,0
3134,0,0
3135,0,0
3136,0,0
3137,0,0
3138,0,0
3139,0,0
3140,0,0
3141,0,0
3142,0,0
3143,0,0
3144,0,0
3145,0,0
3146,0,0
3147,0,0
3148,0,0
3149,0,0
3150,0,0
3151,0,0
3152,0,0
3153,0,0
3154,0,0
3155,0,0
3156,0,0
3157,0,0
3158,0,0
3159,0,0
3160,0,0
3161,0,0
3162,0,0
3163,0,0
3164,0,0
3165,0,0
3166,0,0
3167,0,0
3168,0,0
3169,0,0
3170,0,0
3171,0,0
3172,0,0
3173,0,0
3174,0,0
3175,0,0
3176,0,0
3177,0,0
3178,0,0
3179,0,0
3180,0,0
3181,0,0
3182,0,0
3183,0,0
3184,0,0
3185,0,0
3186,0,0
3187,0,0
3188,0,0
3189,0,0
